Año_ (YEAR),Día (DOY),Tmax (T2M_MAX),Tmin (T2M_MIN),HR (RH2M),Ux (WS2M),Rs (ALLSKY_SFC_SW_DWN),Rl_ (ALLSKY_SFC_LW_DWN),Ptot_ (PRECTOTCORR),Pef_,Tmean_,es_,ea_,delta_,P_,gamma_,Rns_,Rnl_,Rn_,Rso_,Kc_,decada_,ET0,ETc,ETverde,ETazul,UACverde_m3_ha,UACazul_m3_ha,HHverde_m3_ton,HHazul_m3_ton
2015,303,27.97,18.49,63.2,2.21,14.58,31.39,3.67,2.936,23.229999999999997,2.950888232601628,1.864961363004229,0.17199355061473143,100.04157013765955,0.06652764414154361,11.2266,2.3002238761869327,8.926376123813068,25.970464242566194,0.3,1,3.8524423848823464,1.155732715464704,1.155732715464704,0.0,191.72419422544053,7033.632648413463,32.63390540007499,1197.2140678150577
2015,304,29.86,15.92,52.44,1.89,19.21,28.31,0.0,0.0,22.89,3.0090639292836245,1.5779531245163327,0.1689349278196088,100.04157013765955,0.06652764414154361,14.7917,4.062775379707337,10.728924620292663,25.80403481874761,0.3,1,4.625323387242258,1.3875970161726772,0.0,1.3875970161726772,191.72419422544053,7033.632648413463,32.63390540007499,1197.2140678150577
2015,305,31.97,16.02,51.37,2.07,19.37,28.5,0.0,0.0,23.994999999999997,3.283665743664413,1.686819092520409,0.1790466602830291,100.04157013765955,0.06652764414154361,14.914900000000001,4.0681830442089115,10.84671695579109,25.639450536947578,0.3,1,4.988962068834395,1.4966886206503185,0.0,1.4966886206503185,191.72419422544053,7033.632648413463,32.63390540007499,1197.2140678150577
2015,306,31.3,16.49,52.84,1.69,19.14,28.54,0.0,0.0,23.895,3.222938129742075,1.7030005077557124,0.17811105673717442,100.04157013765955,0.06652764414154361,14.7378,4.003761641166013,10.734038358833988,25.476791820659404,0.3,1,4.588981125337335,1.3766943376012004,0.0,1.3766943376012004,191.72419422544053,7033.632648413463,32.63390540007499,1197.2140678150577
2015,307,29.51,19.55,65.36,3.11,15.53,31.91,0.03,0.024,24.53,3.1995965367887518,2.091256296445128,0.1841228287857826,100.04157013765955,0.06652764414154361,11.9581,2.5365866431294677,9.421513356870532,25.316138221254594,0.3,1,4.365853964898191,1.3097561894694574,0.024,1.2857561894694574,191.72419422544053,7033.632648413463,32.63390540007499,1197.2140678150577
2015,308,28.02,17.05,64.35,2.73,15.82,30.99,0.22,0.17600000000000002,22.535,2.8641060767317947,1.8430522603769097,0.16579048219607753,100.04157013765955,0.06652764414154361,12.1814,2.8098451956647867,9.371554804335213,25.157568360791895,0.3,1,4.0760950833657255,1.2228285250097175,0.17600000000000002,1.0468285250097176,191.72419422544053,7033.632648413463,32.63390540007499,1197.2140678150577
2015,309,30.02,14.56,50.38,2.84,19.35,26.46,0.0,0.0,22.29,2.9527843759623895,1.487612768609852,0.16364931142340255,100.04157013765955,0.06652764414154361,14.899500000000002,4.411501693716265,10.487998306283735,25.001159876590886,0.3,1,5.2442822777001785,1.5732846833100536,0.0,1.5732846833100536,191.72419422544053,7033.632648413463,32.63390540007499,1197.2140678150577
2015,310,30.17,14.79,46.19,3.09,19.19,26.62,0.0,0.0,22.48,2.983520245204207,1.3780880012598231,0.16530776394245678,100.04157013765955,0.06652764414154361,14.7763,4.575451253799093,10.200848746200908,24.846989367621795,0.3,1,5.6117699300360515,1.6835309790108155,0.0,1.6835309790108155,191.72419422544053,7033.632648413463,32.63390540007499,1197.2140678150577
2015,311,29.82,15.52,42.97,1.76,19.03,26.53,0.0,0.0,22.67,2.9813684233656286,1.2810940115202105,0.16698038392568185,100.04157013765955,0.06652764414154361,14.653100000000002,4.722429691590201,9.930670308409802,24.695132342756192,0.3,1,4.6925227323143535,1.407756819694306,0.0,1.407756819694306,191.72419422544053,7033.632648413463,32.63390540007499,1197.2140678150577
2015,312,28.96,16.0,48.89,1.48,18.36,27.27,0.0,0.0,22.48,2.9073570838263336,1.4214068782826945,0.16530776394245678,100.04157013765955,0.06652764414154361,14.1372,4.289816999312902,9.847383000687099,24.54566317091733,0.3,1,4.1830002709582095,1.2549000812874629,0.0,1.2549000812874629,191.72419422544053,7033.632648413463,32.63390540007499,1197.2140678150577
2015,313,27.51,18.24,52.26,1.12,13.21,30.19,0.0,0.0,22.875,2.8843792531105032,1.5073765976755489,0.16880105290862255,100.04157013765955,0.06652764414154361,10.171700000000001,2.4149791447328974,7.756720855267104,24.398655033162242,0.3,2,3.246760665990762,0.9740281997972287,0.0,0.9740281997972287,191.72419422544053,7033.632648413463,32.63390540007499,1197.2140678150577
2015,314,28.44,18.71,53.41,2.28,15.21,30.89,0.0,0.0,23.575000000000003,3.0179036693591264,1.6118623498047095,0.17514478049854829,100.04157013765955,0.06652764414154361,11.7117,3.0679225270013966,8.643777472998604,24.254179876721004,0.3,2,4.313405361529045,1.2940216084587135,0.0,1.2940216084587135,191.72419422544053,7033.632648413463,32.63390540007499,1197.2140678150577
2015,315,27.73,15.37,45.29,4.13,13.07,29.54,0.0,0.0,21.55,2.7336535380907225,1.2380716874012883,0.15732333089911263,100.04157013765955,0.06652764414154361,10.0639,2.608109033018157,7.455790966981843,24.112308371012222,0.3,2,5.465883728905913,1.6397651186717739,0.0,1.6397651186717739,191.72419422544053,7033.632648413463,32.63390540007499,1197.2140678150577
2015,316,28.82,14.63,39.74,2.31,18.14,26.48,0.0,0.0,21.725,2.8146717398299126,1.1185505494084074,0.1588003667347051,100.04157013765955,0.06652764414154361,13.9678,4.795002023755159,9.17279797624484,23.97310986564691,0.3,2,5.008596523051193,1.502578956915358,0.0,1.502578956915358,191.72419422544053,7033.632648413463,32.63390540007499,1197.2140678150577
2015,317,25.45,15.88,50.78,2.43,7.53,31.75,0.13,0.10400000000000001,20.665,2.5290417639607456,1.2842474077392667,0.15003028849045677,100.04157013765955,0.06652764414154361,5.798100000000001,0.5075483244627492,5.290551675537252,23.836652350427027,0.3,2,3.4640848165380254,1.0392254449614076,0.10400000000000001,0.9352254449614076,191.72419422544053,7033.632648413463,32.63390540007499,1197.2140678150577
2015,318,31.65,18.28,58.84,3.92,14.32,31.8,0.29,0.23199999999999998,24.965,3.381073262457096,1.9894235076297553,0.1883390816232484,100.04157013765955,0.06652764414154361,11.0264,2.5780394575313705,8.448360542468631,23.703002417337153,0.3,2,5.080725941184112,1.5242177823552336,0.23199999999999998,1.2922177823552337,191.72419422544053,7033.632648413463,32.63390540007499,1197.2140678150577
2015,319,27.16,19.87,65.54,1.87,5.24,33.08,0.04,0.032,23.515,2.9592373168059956,1.9394841374346499,0.17459326886994214,100.04157013765955,0.06652764414154361,4.034800000000001,-0.2751325023976104,4.309932502397611,23.572225224522874,0.3,2,2.4418936147044605,0.7325680844113381,0.032,0.7005680844113381,191.72419422544053,7033.632648413463,32.63390540007499,1197.2140678150577
2015,320,25.15,13.48,65.09,3.71,16.5,29.05,0.02,0.016,19.314999999999998,2.3708218105554946,1.5431679164905714,0.13945686254216585,100.04157013765955,0.06652764414154361,12.705,3.5844668579142542,9.120533142085746,23.44438446224198,0.3,2,3.9595863538838794,1.1878759061651638,0.016,1.1718759061651638,191.72419422544053,7033.632648413463,32.63390540007499,1197.2140678150577
2015,321,24.48,9.87,41.39,4.13,18.41,23.67,0.0,0.0,17.175,2.144140204595693,0.8874596306821573,0.12399034894227288,100.04157013765955,0.06652764414154361,14.1757,5.209362868266965,8.966337131733036,23.31954232076868,0.3,2,5.369221938592111,1.6107665815776333,0.0,1.6107665815776333,191.72419422544053,7033.632648413463,32.63390540007499,1197.2140678150577
2015,322,31.12,10.36,39.28,3.86,17.84,24.97,0.0,0.0,20.740000000000002,2.890638690185724,1.1354428775049525,0.15063704551650434,100.04157013765955,0.06652764414154361,13.7368,4.83994029652566,8.896859703474341,23.197759460225214,0.3,2,6.331551221091434,1.8994653663274301,0.0,1.8994653663274301,191.72419422544053,7033.632648413463,32.63390540007499,1197.2140678150577
2015,323,30.63,14.76,44.71,1.67,17.57,26.36,0.0,0.0,22.695,3.038997055163329,1.3587355833635244,0.16720152529525556,100.04157013765955,0.06652764414154361,13.5289,4.5208656845045745,9.008034315495426,23.079094982308934,0.3,3,4.356121966228368,1.3068365898685104,0.0,1.3068365898685104,191.72419422544053,7033.632648413463,32.63390540007499,1197.2140678150577
2015,324,30.43,16.06,41.75,1.48,17.51,26.51,0.0,0.0,23.244999999999997,3.0870555283601204,1.2888456830903503,0.17212955884581368,100.04157013765955,0.06652764414154361,13.482700000000001,4.671735176539318,8.810964823460683,22.963606403877474,0.3,3,4.250395608248572,1.2751186824745715,0.0,1.2751186824745715,191.72419422544053,7033.632648413463,32.63390540007499,1197.2140678150577
2015,325,31.87,16.96,41.21,1.86,17.21,27.2,0.0,0.0,24.415,3.326390078785261,1.3708053514674061,0.18302157845785844,100.04157013765955,0.06652764414154361,13.251700000000001,4.53054861360564,8.72115138639436,22.85134963234934,0.3,3,4.74417683523173,1.4232530505695191,0.0,1.4232530505695191,191.72419422544053,7033.632648413463,32.63390540007499,1197.2140678150577
2015,326,31.54,14.51,43.5,2.08,16.73,28.19,0.0,0.0,23.025,3.1424262156575073,1.3669554038110157,0.1701438396650888,100.04157013765955,0.06652764414154361,12.882100000000001,4.29967121985584,8.582428780144161,22.742378942871504,0.3,3,4.732604258838306,1.4197812776514918,0.0,1.4197812776514918,191.72419422544053,7033.632648413463,32.63390540007499,1197.2140678150577
2015,327,28.01,18.2,47.63,1.03,6.54,31.37,0.0,0.0,23.105,2.936109809103696,1.3984691020760904,0.170863670714053,100.04157013765955,0.06652764414154361,5.0358,0.2641949780176424,4.771605021982357,22.636746957201265,0.3,3,2.504480692802683,0.7513442078408048,0.0,0.7513442078408048,191.72419422544053,7033.632648413463,32.63390540007499,1197.2140678150577
2015,328,31.74,18.06,36.04,1.98,16.74,27.57,0.0,0.0,24.9,3.3785747413548455,1.2176383367842862,0.18770394627061798,100.04157013765955,0.06652764414154361,12.8898,4.701610545932937,8.188189454067063,22.53450462424479,0.3,3,4.973091659554715,1.4919274978664145,0.0,1.4919274978664145,191.72419422544053,7033.632648413463,32.63390540007499,1197.2140678150577
2015,329,32.65,18.55,35.33,1.57,10.72,32.21,0.37,0.296,25.6,3.5343445212260836,1.2486839193491754,0.1946396847542552,100.04157013765955,0.06652764414154361,8.2544,2.1225541372615857,6.131845862738414,22.435701202190337,0.3,3,4.066697531651355,1.2200092594954066,0.296,0.9240092594954066,191.72419422544053,7033.632648413463,32.63390540007499,1197.2140678150577
2015,330,27.99,20.15,65.82,1.77,8.46,33.71,0.27,0.21600000000000003,24.07,3.06890578918172,2.019953790439408,0.17975107931771064,100.04157013765955,0.06652764414154361,6.514200000000001,0.8709998800771442,5.643200119922857,22.340384242170586,0.3,3,2.7524676355959734,0.825740290678792,0.21600000000000003,0.6097402906787919,191.72419422544053,7033.632648413463,32.63390540007499,1197.2140678150577
2015,331,27.88,18.45,58.27,2.08,9.61,34.0,2.8,2.2399999999999998,23.165,2.938358371055349,1.712181422813952,0.17140522889821377,100.04157013765955,0.06652764414154361,7.3997,1.3840047807211593,6.015695219278841,22.248599573384745,0.3,3,3.2855316483304287,0.9856594944991286,0.9856594944991286,0.0,191.72419422544053,7033.632648413463,32.63390540007499,1197.2140678150577
2015,332,27.37,17.49,59.0,2.0,7.16,33.42,3.63,2.904,22.43,2.8210964906373888,1.6644469294760593,0.1648699594077383,100.04157013765955,0.06652764414154361,5.5132,0.5150031570947893,4.998196842905211,22.160391289608032,0.3,3,2.9101390563782457,0.8730417169134737,0.8730417169134737,0.0,191.72419422544053,7033.632648413463,32.63390540007499,1197.2140678150577
2015,333,26.41,15.03,44.66,3.01,14.55,29.29,0.04,0.032,20.72,2.576209047831238,1.1505349607614308,0.15047504112702584,100.04157013765955,0.06652764414154361,11.2035,3.755776129024796,7.447723870975204,22.07580173701359,0.3,4,4.672334783131488,1.4017004349394464,0.032,1.3697004349394464,191.72419422544053,7033.632648413463,32.63390540007499,1197.2140678150577
2015,334,27.71,14.78,40.82,3.43,12.95,27.57,0.0,0.0,21.245,2.6989565875412453,1.1017140790343363,0.1547768112699852,100.04157013765955,0.06652764414154361,9.971499999999999,3.172347728132138,6.799152271867861,21.994871503229362,1.15,4,5.166361017254504,5.941315169842679,0.0,5.941315169842679,191.72419422544053,7033.632648413463,32.63390540007499,1197.2140678150577
2015,335,24.34,13.19,36.6,2.68,9.79,28.56,0.0,0.0,18.765,2.2809223074145284,0.8348175645137174,0.1353338133511215,100.04157013765955,0.06652764414154361,7.5383,1.914865497636038,5.623434502363962,21.91763940755102,1.15,4,4.212991759359777,4.844940523263744,0.0,4.844940523263744,191.72419422544053,7033.632648413463,32.63390540007499,1197.2140678150577
2015,336,31.45,11.08,28.38,2.87,16.85,24.61,0.0,0.0,21.265,2.9643440657772064,0.8412808458675711,0.15494272196887507,100.04157013765955,0.06652764414154361,12.9745,5.428309089001925,7.546190910998075,21.844142492230528,1.15,4,5.994812397399206,6.894034257009086,0.0,6.894034257009086,191.72419422544053,7033.632648413463,32.63390540007499,1197.2140678150577
2015,337,29.73,11.15,37.54,2.53,16.41,25.94,0.0,0.0,20.44,2.7518277929699924,1.0330361534809351,0.14822240245965965,100.04157013765955,0.06652764414154361,12.6357,4.836158020040429,7.799541979959571,21.774416014758902,1.15,4,4.996642398450534,5.746138758218114,0.0,5.746138758218114,191.72419422544053,7033.632648413463,32.63390540007499,1197.2140678150577
2015,338,29.23,13.9,37.88,1.93,15.92,27.55,0.0,0.0,21.565,2.8237442242957353,1.0696343121632246,0.157449477422357,100.04157013765955,0.06652764414154361,12.2584,4.6407070352935635,7.617692964706436,21.708493441061954,1.15,4,4.39967848522165,5.059630258004898,0.0,5.059630258004898,191.72419422544053,7033.632648413463,32.63390540007499,1197.2140678150577
2015,339,31.65,16.6,39.11,1.69,15.69,27.49,0.0,0.0,24.125,3.2753454043509707,1.2809875876416645,0.18026913703683348,100.04157013765955,0.06652764414154361,12.0813,4.386624240727596,7.694675759272404,21.646406439527375,1.15,4,4.368544460062244,5.023826129071581,0.0,5.023826129071581,191.72419422544053,7033.632648413463,32.63390540007499,1197.2140678150577
2015,340,32.92,15.79,40.95,2.41,15.7,28.29,0.0,0.0,24.355,3.400829961929682,1.392639869410205,0.1824492204008127,100.04157013765955,0.06652764414154361,12.089,4.2631310676649905,7.82586893233501,21.588184875782588,1.15,4,5.130565053348792,5.900149811351111,0.0,5.900149811351111,191.72419422544053,7033.632648413463,32.63390540007499,1197.2140678150577
2015,341,33.01,15.84,40.64,2.11,15.36,28.3,0.0,0.0,24.424999999999997,3.4163786249204904,1.3884162731676872,0.18311711844301282,100.04157013765955,0.06652764414154361,11.8272,4.14593379929199,7.681266200708009,21.533856808143703,1.15,4,4.826586971898904,5.550575017683739,0.0,5.550575017683739,191.72419422544053,7033.632648413463,32.63390540007499,1197.2140678150577
2015,342,32.36,17.27,48.73,1.6,15.47,28.56,0.0,0.0,24.814999999999998,3.4117479633965453,1.6625447825631363,0.18687610826642928,100.04157013765955,0.06652764414154361,11.911900000000001,3.849830368156912,8.06206963184309,21.48344848365785,1.15,4,4.065584390620565,4.675422049213649,0.0,4.675422049213649,191.72419422544053,7033.632648413463,32.63390540007499,1197.2140678150577
2015,343,33.78,17.1,37.34,2.13,15.6,28.14,0.0,0.0,25.44,3.602245591256029,1.3450785037750013,0.19303564583010274,100.04157013765955,0.06652764414154361,12.012,4.399172538535974,7.612827461464026,21.436984334663062,1.15,5,5.082620671141699,5.845013771812954,0.0,5.845013771812954,191.72419422544053,7033.632648413463,32.63390540007499,1197.2140678150577
2015,344,32.96,17.63,32.05,1.74,15.63,27.44,0.0,0.0,25.295,3.5176654421100877,1.127411774196283,0.1915916150019992,100.04157013765955,0.06652764414154361,12.035100000000002,4.755012321431024,7.280087678568978,21.394486975792727,1.15,5,4.719350048496284,5.427252555770726,0.0,5.427252555770726,191.72419422544053,7033.632648413463,32.63390540007499,1197.2140678150577
2015,345,28.96,15.04,58.06,2.81,15.01,27.93,0.01,0.008,22.0,2.8530851675535978,1.6565012482816188,0.16114508692644333,100.04157013765955,0.06652764414154361,11.5577,3.5732558901905347,7.984444109809466,21.355977201354662,1.15,5,4.145841362878975,4.767717567310821,0.008,4.759717567310821,191.72419422544053,7033.632648413463,32.63390540007499,1197.2140678150577
2015,346,22.47,12.81,57.93,4.49,11.78,27.9,0.59,0.472,17.64,2.0999419022410875,1.2164963439682621,0.12722106840080233,100.04157013765955,0.06652764414154361,9.070599999999999,2.5802146018799252,6.490385398120074,21.321473983018457,1.15,5,3.907986737877089,4.494184748558652,0.472,4.022184748558653,191.72419422544053,7033.632648413463,32.63390540007499,1197.2140678150577
2015,347,22.46,9.15,40.99,2.58,16.24,23.17,0.0,0.0,15.805,1.9393605861174827,0.7949439042495563,0.11487338675531784,100.04157013765955,0.06652764414154361,12.5048,5.015970229703889,7.48882977029611,21.290994467748718,1.15,5,4.017029378574708,4.6195837853609145,0.0,4.6195837853609145,191.72419422544053,7033.632648413463,32.63390540007499,1197.2140678150577
2015,348,24.47,10.92,42.03,2.04,15.92,24.71,0.0,0.0,17.695,2.1874439236932757,0.9193826811282838,0.12760787374427723,100.04157013765955,0.06652764414154361,12.2584,4.785706860291567,7.472693139708433,21.26455397592642,1.15,5,3.8366828535043758,4.412185281530032,0.0,4.412185281530032,191.72419422544053,7033.632648413463,32.63390540007499,1197.2140678150577
2015,349,23.04,11.9,51.39,2.46,9.33,28.93,0.01,0.008,17.47,2.1047920213275653,1.0816526197602359,0.12603176676631,100.04157013765955,0.06652764414154361,7.1841,1.6556993293057172,5.528400670694283,21.2421659996051,1.15,5,3.2356222789769635,3.720965620823508,0.008,3.712965620823508,191.72419422544053,7033.632648413463,32.63390540007499,1197.2140678150577
2015,350,21.44,8.93,29.57,2.84,15.87,23.62,0.0,0.0,15.185,1.8488314556113292,0.5466994614242701,0.11093847671469077,100.04157013765955,0.06652764414154361,12.219899999999999,5.300598635361134,6.919301364638865,21.223842200854104,1.15,5,4.474523188622417,5.145701666915779,0.0,5.145701666915779,191.72419422544053,7033.632648413463,32.63390540007499,1197.2140678150577
2015,351,26.37,8.1,29.25,3.7,16.32,23.12,0.0,0.0,17.235,2.2578815575517273,0.6604303555838802,0.124403264826105,100.04157013765955,0.06652764414154361,12.5664,5.465256826871672,7.101143173128328,21.20959241014643,1.15,5,5.752502353242817,6.615377706229239,0.0,6.615377706229239,191.72419422544053,7033.632648413463,32.63390540007499,1197.2140678150577
2015,352,28.65,9.77,34.05,1.92,15.52,25.49,0.0,0.0,19.21,2.5672658054676387,0.8741540067617309,0.13866162591434336,100.04157013765955,0.06652764414154361,11.9504,4.811839238362343,7.138560761637657,21.199424624754542,1.15,5,4.30358914727033,4.949127519360879,0.0,4.949127519360879,191.72419422544053,7033.632648413463,32.63390540007499,1197.2140678150577
2015,353,23.67,14.11,52.8,1.92,7.32,29.67,0.0,0.0,18.89,2.2676872096947607,1.1973388467188337,0.13626168652067303,100.04157013765955,0.06652764414154361,5.6364,0.7760371935803876,4.860362806419612,21.193345007123526,1.15,6,2.809549929574398,3.2309824190105574,0.0,3.2309824190105574,191.72419422544053,7033.632648413463,32.63390540007499,1197.2140678150577
2015,354,22.51,15.45,65.15,1.49,10.34,29.38,0.0,0.0,18.98,2.2413136910913236,1.4602158697459975,0.13693308632379667,100.04157013765955,0.06652764414154361,7.9618,1.8849973201069445,6.0768026798930554,21.191357883197398,1.15,6,2.437831770130418,2.803506535649981,0.0,2.803506535649981,191.72419422544053,7033.632648413463,32.63390540007499,1197.2140678150577
2015,355,26.29,12.12,52.32,2.47,15.99,25.56,0.0,0.0,19.205,2.416598918957993,1.2643645543988218,0.13862385347300502,100.04157013765955,0.06652764414154361,12.3123,4.388047609409659,7.9242523905903415,21.193465740680587,1.15,6,3.95122205697708,4.543905365523641,0.0,4.543905365523641,191.72419422544053,7033.632648413463,32.63390540007499,1197.2140678150577
2015,356,24.1,12.37,53.23,1.94,12.45,26.99,0.0,0.0,18.235,2.2195132532674173,1.1814469047142462,0.13145884579362593,100.04157013765955,0.06652764414154361,9.5865,2.9473446479633365,6.639155352036663,21.1996692272234,1.15,6,3.184044153194734,3.6616507761739436,0.0,3.6616507761739436,191.72419422544053,7033.632648413463,32.63390540007499,1197.2140678150577
2015,357,24.2,12.91,67.12,2.14,14.75,27.98,0.01,0.008,18.555,2.2544508768027205,1.513187428509986,0.13378703381593215,100.04157013765955,0.06652764414154361,11.3575,3.515680176006992,7.841819823993008,21.20996714852681,1.15,6,3.0307799460556164,3.4853969379639587,0.008,3.4773969379639587,191.72419422544053,7033.632648413463,32.63390540007499,1197.2140678150577
2015,358,25.93,13.41,68.93,2.22,14.41,28.04,0.0,0.0,19.67,2.4429859644206173,1.6839502252751315,0.14217417737743612,100.04157013765955,0.06652764414154361,11.0957,3.2427651523709065,7.852934847629094,21.22435646636871,1.15,6,3.0907900324247493,3.5544085372884613,0.0,3.5544085372884613,191.72419422544053,7033.632648413463,32.63390540007499,1197.2140678150577
2015,359,23.33,14.48,66.08,1.55,12.1,28.04,0.0,0.0,18.905,2.2575450456230812,1.4917857661477318,0.1363733924831258,100.04157013765955,0.06652764414154361,9.317,2.529632566063775,6.787367433936225,21.24283229656051,1.15,6,2.6101373237974297,3.001657922367044,0.0,3.001657922367044,191.72419422544053,7033.632648413463,32.63390540007499,1197.2140678150577
2015,360,18.62,7.7,44.01,4.58,10.01,25.9,0.02,0.016,13.16,1.5984413487762088,0.7034740375964095,0.09887422513978418,100.04157013765955,0.06652764414154361,7.7077,2.0982413153073916,5.609458684692608,21.2653879068496,1.15,6,4.029521134910736,4.633949305147346,0.016,4.617949305147346,191.72419422544053,7033.632648413463,32.63390540007499,1197.2140678150577
2015,361,18.04,4.32,29.43,3.68,16.25,21.23,0.0,0.0,11.18,1.4504735711938868,0.4268743720023609,0.0881762788200627,100.04157013765955,0.06652764414154361,12.512500000000001,5.437729327995356,7.074770672004645,21.292014714789776,1.15,6,4.40512982043128,5.0658992934959715,0.0,5.0658992934959715,191.72419422544053,7033.632648413463,32.63390540007499,1197.2140678150577
2015,362,19.88,6.35,36.9,1.49,13.09,23.98,0.0,0.0,13.114999999999998,1.639489807069168,0.604971738808523,0.0986193586562844,100.04157013765955,0.06652764414154361,10.0793,3.6558266032661644,6.4234733967338355,21.322702285608397,1.15,6,2.9219658100340458,3.3602606815391525,0.0,3.3602606815391525,191.72419422544053,7033.632648413463,32.63390540007499,1197.2140678150577
2015,363,21.19,9.41,54.17,1.87,11.26,26.04,0.0,0.0,15.3,1.8482140796434665,1.001177566942866,0.11165956151981879,100.04157013765955,0.06652764414154361,8.6702,2.4611618178756443,6.209038182124355,21.357438330105044,1.15,7,2.7749050536052993,3.1911408116460938,0.0,3.1911408116460938,191.72419422544053,7033.632648413463,32.63390540007499,1197.2140678150577
2015,364,22.41,9.28,50.66,2.0,13.06,26.34,0.0,0.0,15.844999999999999,1.9403436176230888,0.9829780766878566,0.11513127000889788,100.04157013765955,0.06652764414154361,10.0562,3.2722575971295003,6.7839424028705,21.396208702622918,1.15,7,3.153719955188879,3.6267779484672102,0.0,3.6267779484672102,191.72419422544053,7033.632648413463,32.63390540007499,1197.2140678150577
2015,365,21.46,13.22,42.26,1.56,8.39,28.06,0.0,0.0,17.34,2.038805996904231,0.861599414291728,0.1251286740320271,100.04157013765955,0.06652764414154361,6.4603,1.3094022798503555,5.150897720149644,21.438997399139648,1.15,7,2.8275144618276733,3.251641631101824,0.0,3.251641631101824,191.72419422544053,7033.632648413463,32.63390540007499,1197.2140678150577
2016,1,25.02,11.92,48.03,1.43,11.96,26.24,0.0,0.0,18.47,2.2833678583215056,1.0967015823518191,0.1331652281940161,100.04157013765955,0.06652764414154361,9.209200000000001,2.761770888153621,6.44742911184638,21.485786555530236,1.15,7,3.0119484522741637,3.463740720115288,0.0,3.463740720115288,191.72419422544053,7033.632648413463,32.63390540007499,1197.2140678150577
2016,2,26.9,11.91,51.93,1.85,15.79,25.3,0.0,0.0,19.405,2.4693693076629217,1.2823434814693553,0.14014156377929302,100.04157013765955,0.06652764414154361,12.158299999999999,4.186768471608471,7.971531528391528,21.536556446059592,1.15,7,3.643489189185499,4.190012567563324,0.0,4.190012567563324,191.72419422544053,7033.632648413463,32.63390540007499,1197.2140678150577
2016,3,27.99,13.38,48.11,1.39,15.89,25.43,0.0,0.0,20.685,2.6565700115659068,1.2780758325643577,0.1501918879340212,100.04157013765955,0.06652764414154361,12.2353,4.290704366343766,7.944595633656235,21.591285482167496,1.15,7,3.5359236007823136,4.066312140899661,0.0,4.066312140899661,191.72419422544053,7033.632648413463,32.63390540007499,1197.2140678150577
2016,4,22.99,13.58,71.99,3.04,13.34,28.97,0.95,0.76,18.285,2.1816451509416472,1.5705663441628919,0.13182034559936734,100.04157013765955,0.06652764414154361,10.2718,2.80900440861274,7.462795591387261,21.649950211612854,1.15,7,2.9322019999607885,3.3720322999549066,0.76,2.6120322999549064,191.72419422544053,7033.632648413463,32.63390540007499,1197.2140678150577
2016,5,22.55,14.44,76.73,2.01,11.9,29.89,1.45,1.16,18.495,2.1893496845296356,1.6798880129395897,0.13334785751264794,100.04157013765955,0.06652764414154361,9.163,2.1955567118147927,6.9674432881852075,21.712525318048748,1.15,7,2.4024156395217684,2.7627779854500334,1.16,1.6027779854500335,191.72419422544053,7033.632648413463,32.63390540007499,1197.2140678150577
2016,6,22.42,12.05,70.88,1.71,14.0,26.9,0.54,0.43200000000000005,17.235,2.059785617869815,1.4599760459461248,0.124403264826105,100.04157013765955,0.06652764414154361,10.780000000000001,3.0903270523790916,7.68967294762091,21.778983621102732,1.15,7,2.6213815486612972,3.0145887809604917,0.43200000000000005,2.5825887809604917,191.72419422544053,7033.632648413463,32.63390540007499,1197.2140678150577
2016,7,22.69,10.88,63.19,2.14,16.34,24.66,1.33,1.064,16.785,2.029734655688865,1.2825893289297938,0.1213346265745909,100.04157013765955,0.06652764414154361,12.5818,4.157527755773107,8.424272244226891,21.84929607704093,1.15,7,3.1633586258291744,3.6378624197035503,1.064,2.5738624197035502,191.72419422544053,7033.632648413463,32.63390540007499,1197.2140678150577
2016,8,19.69,11.06,68.15,2.41,14.99,25.97,8.87,7.096,15.375,1.8058717308124312,1.2307015845486722,0.11213197611814008,100.04157013765955,0.06652764414154361,11.542300000000001,3.601410607168068,7.940889392831933,21.92343178009621,1.15,8,2.7923584992767494,3.2112122741682616,3.2112122741682616,0.0,191.72419422544053,7033.632648413463,32.63390540007499,1197.2140678150577
2016,9,21.48,8.1,50.5,2.98,16.72,23.33,0.0,0.0,14.79,1.8206901621698972,0.9194485318957981,0.10849176022838163,100.04157013765955,0.06652764414154361,12.8744,4.703218851635083,8.171181148364916,22.001357964543942,1.15,8,3.796865225843305,4.3663950097198,0.0,4.3663950097198,191.72419422544053,7033.632648413463,32.63390540007499,1197.2140678150577
2016,10,23.58,7.43,45.42,2.98,16.01,24.27,0.0,0.0,15.504999999999999,1.970672242242008,0.89507933242632,0.1129548502974007,100.04157013765955,0.06652764414154361,12.327700000000002,4.4633478427149464,7.864352157285055,22.08304000760969,1.15,8,4.162360902133187,4.786715037453165,0.0,4.786715037453165,191.72419422544053,7033.632648413463,32.63390540007499,1197.2140678150577
2016,11,22.96,10.59,48.6,2.65,15.97,24.8,0.0,0.0,16.775,2.0400057481378524,0.9914427935949962,0.12126717084788734,100.04157013765955,0.06652764414154361,12.2969,4.338518019427557,7.958381980572444,22.168441433295182,1.15,8,3.90699936728006,4.493049272372069,0.0,4.493049272372069,191.72419422544053,7033.632648413463,32.63390540007499,1197.2140678150577
2016,12,23.6,8.22,49.93,2.25,15.77,25.16,0.0,0.0,15.91,2.0009861135270377,0.99909236648405,0.11555137871775747,100.04157013765955,0.06652764414154361,12.1429,4.1717559862012825,7.971144013798717,22.257523917209003,1.15,8,3.618370593561685,4.161126182595937,0.0,4.161126182595937,191.72419422544053,7033.632648413463,32.63390540007499,1197.2140678150577
2016,13,23.37,8.93,52.64,2.06,16.62,24.49,0.0,0.0,16.15,2.0077853361656404,1.0568982009575931,0.11711384354747852,100.04157013765955,0.06652764414154361,12.797400000000001,4.420290547888547,8.377109452111455,22.35024729248913,1.15,8,3.5002872088360903,4.025330290161504,0.0,4.025330290161504,191.72419422544053,7033.632648413463,32.63390540007499,1197.2140678150577
2016,14,24.09,10.79,51.23,1.58,16.79,24.37,0.0,0.0,17.439999999999998,2.147288252423052,1.1000557717163295,0.1258228717317712,100.04157013765955,0.06652764414154361,12.9283,4.470353329062661,8.45794667093734,22.446569556903796,1.15,8,3.399109889464309,3.9089763728839553,0.0,3.9089763728839553,191.72419422544053,7033.632648413463,32.63390540007499,1197.2140678150577
2016,15,23.24,10.28,49.31,1.84,17.1,23.74,0.0,0.0,16.759999999999998,2.0508365100675157,1.011267483114292,0.12116604691781342,100.04157013765955,0.06652764414154361,13.167000000000002,4.664229694611042,8.50277030538896,22.546446881216607,1.15,8,3.556686431091824,4.090189395755598,0.0,4.090189395755598,191.72419422544053,7033.632648413463,32.63390540007499,1197.2140678150577
2016,16,25.61,11.17,39.8,2.49,16.91,24.52,0.0,0.0,18.39,2.306170033966792,0.917855673518783,0.132582237710464,100.04157013765955,0.06652764414154361,13.0207,4.815722548091052,8.204977451908949,22.649833618900328,1.15,8,4.518465444059081,5.196235260667943,0.0,5.196235260667943,191.72419422544053,7033.632648413463,32.63390540007499,1197.2140678150577
2016,17,28.95,10.77,38.31,2.9,17.08,25.62,0.0,0.0,19.86,2.6434484521069486,1.012705102002172,0.14364683247403306,100.04157013765955,0.06652764414154361,13.151599999999998,4.800911039054886,8.350688960945114,22.756682317282035,1.15,8,5.280787652337,6.0729058001875496,0.0,6.0729058001875496,191.72419422544053,7033.632648413463,32.63390540007499,1197.2140678150577
2016,18,27.98,10.86,39.72,2.17,17.18,26.62,0.0,0.0,19.42,2.538039308907791,1.0081092134981746,0.1402559568624639,100.04157013765955,0.06652764414154361,13.2286,4.784107858900305,8.444492141099694,22.866943730200177,1.15,9,4.545364971616426,5.22716971735889,0.0,5.22716971735889,191.72419422544053,7033.632648413463,32.63390540007499,1197.2140678150577
2016,19,29.59,14.69,30.83,2.19,17.15,26.44,0.0,0.0,22.14,2.90795196449713,0.896521590654465,0.16234995140669178,100.04157013765955,0.06652764414154361,13.205499999999999,5.104462133358359,8.10103786664164,22.980566832251032,1.15,9,5.1371297331047705,5.907699193070486,0.0,5.907699193070486,191.72419422544053,7033.632648413463,32.63390540007499,1197.2140678150577
2016,20,29.76,14.59,36.11,2.38,17.51,25.47,0.0,0.0,22.175,2.9229266779676233,1.0554688234141087,0.16265235341410703,100.04157013765955,0.06652764414154361,13.482700000000001,4.947165267785366,8.535534732214636,23.097498834699216,1.15,9,5.186994097646452,5.96504321229342,0.0,5.96504321229342,191.72419422544053,7033.632648413463,32.63390540007499,1197.2140678150577
2016,21,31.43,14.11,31.45,2.89,17.7,25.43,0.0,0.0,22.77,3.106900658022868,0.977120256948192,0.16786643327752213,100.04157013765955,0.06652764414154361,13.629,5.175327779265158,8.453672220734841,23.217685203123203,1.15,9,6.08812856311596,7.001347847583354,0.0,7.001347847583354,191.72419422544053,7033.632648413463,32.63390540007499,1197.2140678150577
2016,22,29.14,11.21,33.29,2.26,17.92,26.04,0.0,0.0,20.175,2.6846755126725714,0.8937284781686989,0.14611677692173178,100.04157013765955,0.06652764414154361,13.7984,5.203378542623185,8.595021457376816,23.341069676862485,1.15,9,5.076591612066727,5.838080353876736,0.0,5.838080353876736,191.72419422544053,7033.632648413463,32.63390540007499,1197.2140678150577
2016,23,28.83,13.46,40.07,1.48,17.71,26.31,0.0,0.0,21.145,2.7549659055117433,1.1039148383385555,0.15394950823866896,100.04157013765955,0.06652764414154361,13.636700000000001,4.7649598191879505,8.87174018081205,23.467594290329163,1.15,9,4.152903890168331,4.775839473693581,0.0,4.775839473693581,191.72419422544053,7033.632648413463,32.63390540007499,1197.2140678150577
2016,24,26.94,11.91,59.4,1.87,17.53,26.11,0.0,0.0,19.425,2.4735356102215746,1.4692801524716153,0.14029410545105286,100.04157013765955,0.06652764414154361,13.4981,4.010929999024764,9.487170000975237,23.597199396241596,1.15,9,3.7233575679532676,4.281861203146257,0.0,4.281861203146257,191.72419422544053,7033.632648413463,32.63390540007499,1197.2140678150577
2016,25,24.7,11.98,45.39,1.85,16.49,25.7,0.0,0.0,18.34,2.256162584220839,1.0240721969778388,0.13221896793281196,100.04157013765955,0.06652764414154361,12.697299999999998,4.140956329506287,8.55634367049371,23.729823690832674,1.15,9,3.8655407136647755,4.445371820714492,0.0,4.445371820714492,191.72419422544053,7033.632648413463,32.63390540007499,1197.2140678150577
2016,26,25.19,10.51,42.55,1.82,18.07,24.57,0.0,0.0,17.85,2.237185352200318,0.9519223673612353,0.12870332988952857,100.04157013765955,0.06652764414154361,13.9139,4.826063807371447,9.087836192628554,23.86540424108022,1.15,9,4.055690732711623,4.664044342618366,0.0,4.664044342618366,191.72419422544053,7033.632648413463,32.63390540007499,1197.2140678150577
2016,27,27.77,11.09,31.75,2.56,18.29,24.82,0.0,0.0,19.43,2.5250959712139593,0.8017179708604321,0.1403322628227699,100.04157013765955,0.06652764414154361,14.0833,5.259906522498181,8.823393477501819,24.00387651400092,1.15,9,5.319844753555413,6.117821466588725,0.0,6.117821466588725,191.72419422544053,7033.632648413463,32.63390540007499,1197.2140678150577
2016,28,27.44,10.03,29.97,2.83,18.49,24.58,0.0,0.0,18.735,2.444424496786164,0.7325940216868132,0.1351119218726029,100.04157013765955,0.06652764414154361,14.2373,5.387364575024867,8.849935424975133,24.14517440804356,1.15,10,5.579192399178339,6.41607125905509,0.0,6.41607125905509,191.72419422544053,7033.632648413463,32.63390540007499,1197.2140678150577
2016,29,29.46,12.34,35.18,1.76,18.63,24.77,0.0,0.0,20.9,2.7738600957529154,0.9758439816858756,0.15193839797273131,100.04157013765955,0.06652764414154361,14.3451,5.094464233254953,9.250635766745049,24.289230286611073,1.15,10,4.716445285756841,5.423912078620367,0.0,5.423912078620367,191.72419422544053,7033.632648413463,32.63390540007499,1197.2140678150577
2016,30,27.56,12.94,41.97,1.96,18.54,25.36,0.0,0.0,20.25,2.5880333329339056,1.0861975898323601,0.1467101249866389,100.04157013765955,0.06652764414154361,14.2758,4.773249276318325,9.502550723681676,24.435975013734513,1.15,10,4.541708095393635,5.22296430970268,0.0,5.22296430970268,191.72419422544053,7033.632648413463,32.63390540007499,1197.2140678150577
2016,31,28.98,11.92,46.59,2.67,18.55,26.21,0.16,0.128,20.45,2.6981162311273557,1.2570523520822352,0.14830235984844628,100.04157013765955,0.06652764414154361,14.2835,4.481619102973487,9.801880897026514,24.585337991915637,1.15,10,5.007379140879222,5.758486012011105,0.128,5.630486012011105,191.72419422544053,7033.632648413463,32.63390540007499,1197.2140678150577
2016,32,22.01,11.18,64.11,3.58,13.44,27.3,2.59,2.072,16.595,1.9870232994051014,1.2738806372486104,0.12005839742946066,100.04157013765955,0.06652764414154361,10.3488,2.416938589021383,7.931861410978618,24.737247202148048,1.15,10,3.424929070934207,3.938668431574338,2.072,1.8666684315743378,191.72419422544053,7033.632648413463,32.63390540007499,1197.2140678150577
2016,33,20.81,8.02,37.68,4.03,19.19,22.95,0.0,0.0,14.415,1.7661795047090343,0.6654964373743641,0.1062115167566347,100.04157013765955,0.06652764414154361,14.7763,5.24558567177032,9.530714328229681,24.89162924612004,1.15,10,5.066674924420746,5.8266761630838575,0.0,5.8266761630838575,191.72419422544053,7033.632648413463,32.63390540007499,1197.2140678150577
2016,34,23.39,6.68,23.31,4.7,19.65,22.49,0.0,0.0,15.035,1.9282257590159935,0.449469424426628,0.11000388005403741,100.04157013765955,0.06652764414154361,15.1305,5.932695628017502,9.197804371982498,25.048409390595438,1.15,10,6.56748749212403,7.552610615942634,0.0,7.552610615942634,191.72419422544053,7033.632648413463,32.63390540007499,1197.2140678150577
2016,35,26.09,6.34,28.64,2.83,19.41,23.87,0.0,0.0,16.215,2.168357715795157,0.6210176498037329,0.11754008440219772,100.04157013765955,0.06652764414154361,14.9457,5.482552902668745,9.463147097331255,25.20751161396181,1.15,10,5.4836082635032515,6.306149503028739,0.0,6.306149503028739,191.72419422544053,7033.632648413463,32.63390540007499,1197.2140678150577
2016,36,30.03,12.21,24.88,2.39,19.69,25.48,0.0,0.0,21.12,2.8362379023849003,0.7056559901133632,0.15374326751618464,100.04157013765955,0.06652764414154361,15.1613,5.737785693502112,9.42351430649789,25.3688586549283,1.15,10,5.933421805849474,6.823435076726895,0.0,6.823435076726895,191.72419422544053,7033.632648413463,32.63390540007499,1197.2140678150577
2016,37,29.94,11.4,27.71,2.71,18.6,27.28,0.0,0.0,20.67,2.7882562495201535,0.7726258067420345,0.15007067456099776,100.04157013765955,0.06652764414154361,14.322000000000001,5.052335842223389,9.269664157776612,25.53237206334857,1.15,10,6.049953193033257,6.957446171988245,0.0,6.957446171988245,191.72419422544053,7033.632648413463,32.63390540007499,1197.2140678150577
2016,38,28.17,15.81,33.34,2.04,11.69,29.18,0.0,0.0,21.990000000000002,2.806922118299497,0.9358278342410524,0.16105931495877784,100.04157013765955,0.06652764414154361,9.0013,2.015584614732577,6.985715385267424,25.697972253137152,1.15,11,4.507351068091586,5.183453728305323,0.0,5.183453728305323,191.72419422544053,7033.632648413463,32.63390540007499,1197.2140678150577
2016,39,30.96,15.56,33.74,1.61,12.14,31.38,0.0,0.0,23.26,3.1250908326308338,1.0544056469296434,0.17226565780884223,100.04157013765955,0.06652764414154361,9.347800000000001,2.115333655944864,7.232466344055137,25.865578557240635,1.15,11,4.2952547194748405,4.939542927396066,0.0,4.939542927396066,191.72419422544053,7033.632648413463,32.63390540007499,1197.2140678150577
2016,40,33.58,15.73,28.84,2.26,19.21,28.96,0.0,0.0,24.655,3.4916441105910705,1.0069901614944647,0.18532616871790214,100.04157013765955,0.06652764414154361,14.7917,4.998599694484391,9.793100305515608,26.035109284618333,1.15,11,6.172277221203342,7.098118804383843,0.0,7.098118804383843,191.72419422544053,7033.632648413463,32.63390540007499,1197.2140678150577
2016,41,33.15,15.78,26.02,2.61,19.42,28.66,0.0,0.0,24.465,3.432758844885424,0.8932038514391873,0.18349969885196152,100.04157013765955,0.06652764414154361,14.953400000000002,5.223280151712389,9.730119848287613,26.206481779180013,1.15,11,6.673797327355987,7.6748669264593845,0.0,7.6748669264593845,191.72419422544053,7033.632648413463,32.63390540007499,1197.2140678150577
2016,42,35.73,16.79,23.1,3.27,20.01,27.93,0.0,0.0,26.259999999999998,3.8828209335532384,0.8969316356507981,0.20137550029963402,100.04157013765955,0.06652764414154361,15.407700000000002,5.542361845315063,9.865338154684938,26.379612480622058,1.15,11,8.085171671957822,9.297947422751495,0.0,9.297947422751495,191.72419422544053,7033.632648413463,32.63390540007499,1197.2140678150577
2016,43,34.1,17.51,22.34,2.55,20.02,27.45,0.0,0.0,25.805,3.6750993363538114,0.8210171917414414,0.19671124769682005,100.04157013765955,0.06652764414154361,15.4154,5.601010880931944,9.814389119068057,26.55441698709624,1.15,11,6.99879163210088,8.048610376916011,0.0,8.048610376916011,191.72419422544053,7033.632648413463,32.63390540007499,1197.2140678150577
2016,44,35.07,17.61,20.04,2.13,19.69,28.06,0.0,0.0,26.34,3.829193985475807,0.7673704746893517,0.202205131770785,100.04157013765955,0.06652764414154361,15.1613,5.55397003225289,9.607329967747111,26.73081011963957,1.15,11,6.617256051081242,7.609844458743427,0.0,7.609844458743427,191.72419422544053,7033.632648413463,32.63390540007499,1197.2140678150577
2016,45,32.9,17.2,30.12,2.37,20.09,27.33,0.0,0.0,25.049999999999997,3.4822135693451592,1.048842727086762,0.18917237426716424,100.04157013765955,0.06652764414154361,15.4693,5.036740417320953,10.432559582679048,26.908705988286844,1.15,11,6.348857203360024,7.301185783864026,0.0,7.301185783864026,191.72419422544053,7033.632648413463,32.63390540007499,1197.2140678150577
2016,46,35.21,15.56,29.58,2.35,21.34,26.37,0.0,0.0,25.385,3.728041075062351,1.1027545500034435,0.192486834863958,100.04157013765955,0.06652764414154361,16.4318,5.3981853920789495,11.033614607921049,27.088018059781927,1.15,11,6.741507557258288,7.75273369084703,0.0,7.75273369084703,191.72419422544053,7033.632648413463,32.63390540007499,1197.2140678150577
2016,47,32.63,14.49,36.26,1.6,21.26,26.31,0.0,0.0,23.560000000000002,3.2884202359453902,1.1923811775537985,0.17500676502041365,100.04157013765955,0.06652764414154361,16.3702,5.024271075197837,11.345928924802163,27.268659226797798,1.15,11,5.355031397323657,6.158286106922205,0.0,6.158286106922205,191.72419422544053,7033.632648413463,32.63390540007499,1197.2140678150577
2016,48,33.42,15.15,33.07,1.76,21.34,26.58,0.0,0.0,24.285,3.4358769684178916,1.1362445134557968,0.1817833769060636,100.04157013765955,0.06652764414154361,16.4318,5.150195628312039,11.28160437168796,27.450541878569723,1.15,12,5.733315465676583,6.593312785528069,0.0,6.593312785528069,191.72419422544053,7033.632648413463,32.63390540007499,1197.2140678150577
2016,49,32.97,17.47,24.16,1.96,20.71,27.44,0.0,0.0,25.22,3.5089461140692237,0.8477613811591245,0.19084827948155436,100.04157013765955,0.06652764414154361,15.946700000000002,5.450992714450071,10.49570728554993,27.633577972840698,1.15,12,6.179717781367462,7.106675448572581,0.0,7.106675448572581,191.72419422544053,7033.632648413463,32.63390540007499,1197.2140678150577
2016,50,33.33,19.08,23.24,2.23,16.1,30.89,0.0,0.0,26.205,3.666196402057821,0.8520240438382376,0.20080679178318706,100.04157013765955,0.06652764414154361,12.397000000000002,3.5922917243409795,8.804708275659022,27.817679109013262,1.15,12,6.221979689111083,7.1552766424777445,0.0,7.1552766424777445,191.72419422544053,7033.632648413463,32.63390540007499,1197.2140678150577
2016,51,33.74,21.02,25.84,3.64,14.5,32.03,0.0,0.0,27.380000000000003,3.8664000404510404,0.9990777704525489,0.2132547646096542,100.04157013765955,0.06652764414154361,11.165000000000001,2.8007850164750456,8.364214983524956,28.002756602396726,1.15,12,7.754884302549562,8.918116947931995,0.0,8.918116947931995,191.72419422544053,7033.632648413463,32.63390540007499,1197.2140678150577
2016,52,33.29,18.51,36.73,3.73,18.26,29.53,0.0,0.0,25.9,3.621831299855627,1.3302986364369715,0.1976775153603441,100.04157013765955,0.06652764414154361,14.060200000000002,3.6857805683922114,10.374419431607791,28.188721559434704,1.15,12,7.312385806466608,8.4092436774366,0.0,8.4092436774366,191.72419422544053,7033.632648413463,32.63390540007499,1197.2140678150577
2016,53,34.95,16.56,29.87,3.06,22.18,27.13,0.0,0.0,25.755000000000003,3.7457574872934334,1.1188577614545487,0.19620428489917044,100.04157013765955,0.06652764414154361,17.0786,5.327892774616746,11.750707225383255,28.37548495379323,1.15,12,7.686930358380889,8.839969912138022,0.0,8.839969912138022,191.72419422544053,7033.632648413463,32.63390540007499,1197.2140678150577
2016,54,33.71,14.38,22.05,3.15,22.03,26.3,0.0,0.0,24.045,3.4362125909275467,0.7576848762995241,0.17951601381655025,100.04157013765955,0.06652764414154361,16.9631,5.804743664103359,11.158356335896642,28.562957703186285,1.15,12,7.9357494263542305,9.126111840307365,0.0,9.126111840307365,191.72419422544053,7033.632648413463,32.63390540007499,1197.2140678150577
2016,55,30.19,15.43,22.77,2.58,19.3,28.24,0.0,0.0,22.810000000000002,3.0213295178253117,0.6879567312088234,0.16822196248821952,100.04157013765955,0.06652764414154361,14.861,4.702589740118319,10.15841025988168,28.751050746811572,1.15,12,6.53598203174371,7.516379336505265,0.0,7.516379336505265,191.72419422544053,7033.632648413463,32.63390540007499,1197.2140678150577
2016,56,30.95,16.71,29.66,1.93,18.19,28.35,0.0,0.0,23.83,3.191111495147827,0.9464836694608454,0.1775051278766395,100.04157013765955,0.06652764414154361,14.006300000000001,3.8888791613418103,10.117420838658191,28.939675123266518,1.15,12,5.584441705159635,6.422107960933579,0.0,6.422107960933579,191.72419422544053,7033.632648413463,32.63390540007499,1197.2140678150577
2016,57,33.79,15.99,26.81,2.24,22.48,26.84,0.0,0.0,24.89,3.537252300894559,0.9483373418698313,0.1876063934909738,100.04157013765955,0.06652764414154361,17.3096,5.481099730620681,11.828500269379319,29.12874204881134,1.15,12,6.794609575837157,7.81380101221273,0.0,7.81380101221273,191.72419422544053,7033.632648413463,32.63390540007499,1197.2140678150577
2016,58,32.42,16.98,24.47,1.67,21.33,27.84,0.0,0.0,24.700000000000003,3.402034380723562,0.8324778129630557,0.18576099026505452,100.04157013765955,0.06652764414154361,16.4241,5.199591275447174,11.224508724552825,29.31816299584385,1.15,13,5.908267318371336,6.794507416127035,0.0,6.794507416127035,191.72419422544053,7033.632648413463,32.63390540007499,1197.2140678150577
2016,59,31.81,17.01,30.65,1.75,22.53,27.23,0.0,0.0,24.41,3.321459936535205,1.0180274705480403,0.18297382422275454,100.04157013765955,0.06652764414154361,17.348100000000002,5.220526543248036,12.127573456751966,29.50784977144797,1.15,13,5.939040383939102,6.829896441529967,0.0,6.829896441529967,191.72419422544053,7033.632648413463,32.63390540007499,1197.2140678150577
2016,60,32.82,17.51,27.94,2.0,23.03,27.22,0.0,0.0,25.165,3.490416378811138,0.9752223362398321,0.19030471188102707,100.04157013765955,0.06652764414154361,17.7331,5.481585058072656,12.251514941927343,29.6977145958769,1.15,13,6.493234980970255,7.467220228115793,0.0,7.467220228115793,191.72419422544053,7033.632648413463,32.63390540007499,1197.2140678150577
2016,61,34.99,16.78,25.28,2.56,23.68,26.53,0.0,0.0,25.885,3.765226257414178,0.9518491978743043,0.19752468170355966,100.04157013765955,0.06652764414154361,18.2336,5.771495267441639,12.462104732558359,29.887670180829875,1.15,13,7.6007729504617405,8.740888893031,0.0,8.740888893031,191.72419422544053,7033.632648413463,32.63390540007499,1197.2140678150577
2016,62,35.86,16.68,21.45,1.9,23.49,27.22,0.0,0.0,26.27,3.8971478007163673,0.8359382032536607,0.20147904732477906,100.04157013765955,0.06652764414154361,18.0873,5.921233094260234,12.166066905739765,30.077629807380834,1.15,13,6.957789680380089,8.001458132437103,0.0,8.001458132437103,191.72419422544053,7033.632648413463,32.63390540007499,1197.2140678150577
2016,63,34.78,18.4,19.51,1.99,24.08,26.14,0.0,0.0,26.59,3.8355730759159927,0.7483203071112102,0.20481629056430375,100.04157013765955,0.06652764414154361,18.5416,6.301191676225465,12.240408323774535,30.26750740341646,1.15,13,7.114481159309203,8.181653333205583,0.0,8.181653333205583,191.72419422544053,7033.632648413463,32.63390540007499,1197.2140678150577
2016,64,34.5,18.45,23.82,1.85,23.41,28.21,0.0,0.0,26.475,3.796131419705426,0.9042385041738324,0.20361165621975882,100.04157013765955,0.06652764414154361,18.0257,5.646216530533666,12.379483469466335,30.45721762044111,1.15,13,6.7248341435201064,7.733559265048122,0.0,7.733559265048122,191.72419422544053,7033.632648413463,32.63390540007499,1197.2140678150577
2016,65,31.54,17.49,27.62,1.73,19.65,28.16,0.55,0.44000000000000006,24.515,3.315645271239342,0.9157812239163062,0.18397887151823505,100.04157013765955,0.06652764414154361,15.1305,4.103040788004717,11.027459211995282,30.64667590960612,1.15,13,5.742687047964627,6.604090105159321,0.44000000000000006,6.16409010515932,191.72419422544053,7033.632648413463,32.63390540007499,1197.2140678150577
2016,66,30.66,17.76,31.56,2.2,21.09,27.53,0.0,0.0,24.21,3.2197035227895414,1.0161384317923792,0.18107224737690683,100.04157013765955,0.06652764414154361,16.2393,4.3838570487368,11.8554429512632,30.83579859682157,1.15,13,6.229700101971038,7.164155117266693,0.0,7.164155117266693,191.72419422544053,7033.632648413463,32.63390540007499,1197.2140678150577
2016,67,25.66,15.04,53.42,3.36,16.8,28.74,0.62,0.496,20.35,2.502105505503103,1.3366247610397577,0.1475044252188779,100.04157013765955,0.06652764414154361,12.936000000000002,2.474788653954412,10.461211346045589,31.024502956809684,1.15,13,4.92654528363389,5.665527076178972,0.496,5.169527076178973,191.72419422544053,7033.632648413463,32.63390540007499,1197.2140678150577
2016,68,16.54,11.59,60.78,3.42,14.41,29.09,14.27,11.416,14.065,1.6235254126777168,0.9867787458255163,0.10412017763843329,100.04157013765955,0.06652764414154361,11.0957,1.8329698454740817,9.262730154525919,31.2127072859603,1.15,14,3.418063670868249,3.930773221498486,3.930773221498486,0.0,191.72419422544053,7033.632648413463,32.63390540007499,1197.2140678150577
2016,69,26.64,8.89,54.16,3.11,23.35,26.45,0.02,0.016,17.765,2.3151427211539968,1.2538812977770046,0.12810161302730277,100.04157013765955,0.06652764414154361,17.9795,4.231673616700942,13.74782638329906,31.400330973850508,1.15,14,5.276661180183355,6.068160357210858,0.016,6.052160357210858,191.72419422544053,7033.632648413463,32.63390540007499,1197.2140678150577
2016,70,30.3,11.93,57.17,2.35,24.37,26.41,0.0,0.0,21.115000000000002,2.8563642303785097,1.632983430507394,0.1537020474094122,100.04157013765955,0.06652764414154361,18.7649,4.120136776795702,14.644763223204299,31.587294573292958,1.15,14,5.500114992269436,6.325132241109851,0.0,6.325132241109851,191.72419422544053,7033.632648413463,32.63390540007499,1197.2140678150577
2016,71,29.0,13.71,58.17,2.5,23.9,26.96,0.0,0.0,21.355,2.7872225345506836,1.6213273483481325,0.15569118144555,100.04157013765955,0.06652764414154361,18.403,3.9863767091057785,14.41662329089422,31.773519868779488,1.15,14,5.4119000958335555,6.223685110208589,0.0,6.223685110208589,191.72419422544053,7033.632648413463,32.63390540007499,1197.2140678150577
2016,72,28.68,14.79,54.53,2.18,24.87,26.54,0.0,0.0,21.735,2.8073108710921426,1.5308266180065453,0.15888512142316735,100.04157013765955,0.06652764414154361,19.149900000000002,4.346761270792798,14.803138729207205,31.95892994318987,1.15,14,5.550764856916196,6.383379585453625,0.0,6.383379585453625,191.72419422544053,7033.632648413463,32.63390540007499,1197.2140678150577
2016,73,29.38,13.1,45.3,2.23,21.48,27.47,0.0,0.0,21.24,2.801041727903014,1.2688719027400652,0.15473535706441086,100.04157013765955,0.06652764414154361,16.5396,3.7242164636939763,12.815383536306024,32.14344924263859,1.15,14,5.536656177644263,6.367154604290902,0.0,6.367154604290902,191.72419422544053,7033.632648413463,32.63390540007499,1197.2140678150577
2016,74,32.23,13.32,37.04,2.88,21.62,27.76,0.0,0.0,22.775,3.1731678900408817,1.1753413864711426,0.16791083971478746,100.04157013765955,0.06652764414154361,16.6474,3.937221937487726,12.710178062512275,32.327003639336176,1.15,14,6.794445731355225,7.813612591058508,0.0,7.813612591058508,191.72419422544053,7033.632648413463,32.63390540007499,1197.2140678150577
2016,75,33.0,14.04,31.52,2.26,24.67,26.25,0.0,0.0,23.52,3.3164534915583843,1.0453461405392026,0.17463917215121755,100.04157013765955,0.06652764414154361,18.995900000000002,5.074341087333512,13.921558912666491,32.50952049234555,1.15,14,6.939667233136401,7.9806173181068605,0.0,7.9806173181068605,191.72419422544053,7033.632648413463,32.63390540007499,1197.2140678150577
2016,76,33.75,15.75,33.79,2.37,25.76,25.95,0.0,0.0,24.75,3.5175586095323887,1.188583054160994,0.1862451332556277,100.04157013765955,0.06652764414154361,19.8352,5.193225599538886,14.641974400461114,32.69092870611813,1.15,14,7.254279368507816,8.342421273783987,0.0,8.342421273783987,191.72419422544053,7033.632648413463,32.63390540007499,1197.2140678150577
2016,77,32.3,15.98,41.44,2.14,24.98,26.96,0.0,0.0,24.14,3.3259713524139336,1.378282528440334,0.18041064376982605,100.04157013765955,0.06652764414154361,19.2346,4.567879493337213,14.666720506662788,32.871158786699006,1.15,14,6.49907175825472,7.473932521992928,0.0,7.473932521992928,191.72419422544053,7033.632648413463,32.63390540007499,1197.2140678150577
2016,78,28.96,15.93,50.4,2.86,22.34,29.76,0.0,0.0,22.445,2.903300136847973,1.4632632689713785,0.16500119785416312,100.04157013765955,0.06652764414154361,17.2018,3.6042521064172197,13.597547893582778,33.050142895495455,1.15,15,5.907933015909197,6.794122968295577,0.0,6.794122968295577,191.72419422544053,7033.632648413463,32.63390540007499,1197.2140678150577
2016,79,31.52,17.12,53.46,2.39,24.67,29.37,0.0,0.0,24.32,3.2899144795214528,1.7587882807521686,0.18211604214897803,100.04157013765955,0.06652764414154361,18.995900000000002,3.8790752754668554,15.116824724533148,33.227814900507994,0.25,15,6.145164048072772,1.536291012018193,0.0,1.536291012018193,191.72419422544053,7033.632648413463,32.63390540007499,1197.2140678150577
2016,80,35.41,16.63,43.46,2.81,25.22,28.68,0.0,0.0,26.019999999999996,3.82205671915441,1.6610658501445066,0.19890377199755124,100.04157013765955,0.06652764414154361,19.4194,4.219630131036634,15.199769868963365,33.40411042492919,0.25,15,7.445225915661572,1.861306478915393,0.0,1.861306478915393,191.72419422544053,7033.632648413463,32.63390540007499,1197.2140678150577
2016,81,35.41,17.71,31.72,2.06,26.02,27.93,0.0,0.0,26.56,3.8890042250113974,1.2335921401736152,0.2045014615925202,100.04157013765955,0.06652764414154361,20.0354,5.108270171970496,14.927129828029503,33.578966893020464,0.25,15,7.363464297351872,1.840866074337968,0.0,1.840866074337968,191.72419422544053,7033.632648413463,32.63390540007499,1197.2140678150577
2016,82,33.45,19.6,34.05,2.51,26.04,27.82,0.0,0.0,26.525000000000002,3.7197601182915454,1.266578320278271,0.20413467577685263,100.04157013765955,0.06652764414154361,20.0508,5.005446949518154,15.045353050481845,33.752323573183745,0.25,15,7.586068499235975,1.8965171248089938,0.0,1.8965171248089938,191.72419422544053,7033.632648413463,32.63390540007499,1197.2140678150577
2016,83,29.56,17.42,54.93,2.73,24.23,28.72,0.0,0.0,23.490000000000002,3.0635292306164694,1.6827966063776267,0.17436390509588376,100.04157013765955,0.06652764414154361,18.6571,3.703222920852654,14.953877079147347,33.92412161815046,0.25,15,6.030349223477268,1.507587305869317,0.0,1.507587305869317,191.72419422544053,7033.632648413463,32.63390540007499,1197.2140678150577
2016,84,29.85,14.81,43.54,2.43,26.28,26.6,0.0,0.0,22.330000000000002,2.9456464187029483,1.2825344507032637,0.16399728672222066,100.04157013765955,0.06652764414154361,20.2356,4.702129243672029,15.533470756327972,34.094304102217414,0.25,15,6.510558160115733,1.6276395400289332,0.0,1.6276395400289332,191.72419422544053,7033.632648413463,32.63390540007499,1197.2140678150577
2016,85,30.14,15.5,32.77,1.97,26.91,25.95,0.0,0.0,22.82,3.0191396611202066,0.9893720669490919,0.16831094402682453,100.04157013765955,0.06652764414154361,20.7207,5.3849849727262935,15.335715027273707,34.2628160554649,0.25,15,6.665935172103448,1.666483793025862,0.0,1.666483793025862,191.72419422544053,7033.632648413463,32.63390540007499,1197.2140678150577
2016,86,30.38,14.43,37.52,3.15,26.6,26.57,0.0,0.0,22.405,2.990095323478922,1.1218837653692917,0.1646514245156637,100.04157013765955,0.06652764414154361,20.482000000000003,4.9928826704511,15.489117329548904,34.42960449489995,0.25,15,7.384557339871091,1.8461393349677728,0.0,1.8461393349677728,191.72419422544053,7033.632648413463,32.63390540007499,1197.2140678150577
2016,87,31.33,16.62,47.71,2.65,26.58,27.8,0.0,0.0,23.975,3.23462159597094,1.5432379634377356,0.17885920880254555,100.04157013765955,0.06652764414154361,20.4666,4.378278981147273,16.088321018852728,34.59461845247394,0.25,15,6.804853653645615,1.7012134134114036,0.0,1.7012134134114036,191.72419422544053,7033.632648413463,32.63390540007499,1197.2140678150577
2016,88,30.16,16.76,49.62,2.66,26.34,28.48,0.0,0.0,23.46,3.095306931516779,1.5358912994186258,0.1740890041214217,100.04157013765955,0.06652764414154361,20.2818,4.266227601193797,16.015572398806203,34.75780899993125,0.25,16,6.567244885036428,1.641811221259107,0.0,1.641811221259107,191.72419422544053,7033.632648413463,32.63390540007499,1197.2140678150577
2016,89,25.45,15.92,59.08,2.52,22.0,29.79,0.0,0.0,20.685,2.5313515939912867,1.4955225217300523,0.1501918879340212,100.04157013765955,0.06652764414154361,16.94,3.093193648572508,13.846806351427492,34.9191292704524,0.25,16,5.044125039972296,1.261031259993074,0.0,1.261031259993074,191.72419422544053,7033.632648413463,32.63390540007499,1197.2140678150577
2016,90,25.53,15.44,53.13,2.95,24.99,27.96,0.0,0.0,20.485,2.511714545859355,1.3344739382150754,0.1485824980500627,100.04157013765955,0.06652764414154361,19.2423,3.9826690253508468,15.259630974649154,35.078534477062846,0.25,16,5.796158862669779,1.4490397156674448,0.0,1.4490397156674448,191.72419422544053,7033.632648413463,32.63390540007499,1197.2140678150577
2016,91,24.16,13.13,48.52,2.97,24.63,27.2,0.0,0.0,18.645,2.2616246132791025,1.0973402623630206,0.13444809543948738,100.04157013765955,0.06652764414154361,18.9651,4.089084053439838,14.876015946560162,35.2359819277853,0.25,16,5.690488779875991,1.4226221949689977,0.0,1.4226221949689977,191.72419422544053,7033.632648413463,32.63390540007499,1197.2140678150577
2016,92,28.96,11.86,34.18,3.15,27.46,25.97,0.0,0.0,20.41,2.6930479629171784,0.9204837937250916,0.14798274902037337,100.04157013765955,0.06652764414154361,21.1442,5.25080639419593,15.893393605804071,35.391431037521556,0.25,16,7.345323569834507,1.8363308924586268,0.0,1.8363308924586268,191.72419422544053,7033.632648413463,32.63390540007499,1197.2140678150577
2016,93,33.05,13.33,31.85,2.34,27.63,26.64,0.0,0.0,23.189999999999998,3.2873414836562054,1.0470182625445015,0.1716313052111233,100.04157013765955,0.06652764414154361,21.2751,5.238239517487339,16.036860482512658,35.544843336656115,0.25,16,7.498527451691832,1.874631862922958,0.0,1.874631862922958,191.72419422544053,7033.632648413463,32.63390540007499,1197.2140678150577
2016,94,34.31,16.27,42.99,2.6,27.44,27.93,0.0,0.0,25.29,3.630822931824536,1.5608907783913681,0.19154198355653648,100.04157013765955,0.06652764414154361,21.128800000000002,4.440982366721344,16.68781763327866,35.69618247638253,0.25,16,7.524664372856708,1.881166093214177,0.0,1.881166093214177,191.72419422544053,7033.632648413463,32.63390540007499,1197.2140678150577
2016,95,35.22,17.26,38.75,2.13,28.11,27.13,0.0,0.0,26.240000000000002,3.8306500498313687,1.4843768943096554,0.20116854058917127,100.04157013765955,0.06652764414154361,21.6447,4.756032020553966,16.888667979446033,35.84541423075966,0.25,16,7.554015645728826,1.8885039114322064,0.0,1.8885039114322064,191.72419422544053,7033.632648413463,32.63390540007499,1197.2140678150577
2016,96,33.5,18.54,30.53,2.17,15.17,30.01,0.0,0.0,26.02,3.6540350704934275,1.1155769070216435,0.19890377199755127,100.04157013765955,0.06652764414154361,11.6809,1.6589989337669235,10.021901066233076,35.992506495512735,0.25,16,6.092867332933988,1.523216833233497,0.0,1.523216833233497,191.72419422544053,7033.632648413463,32.63390540007499,1197.2140678150577
2016,97,36.07,20.66,22.35,3.35,11.33,31.7,0.0,0.0,28.365000000000002,4.199695390137317,0.9386319196956905,0.22418378526624091,100.04157013765955,0.06652764414154361,8.7241,0.6091436916726927,8.114956308327308,36.13742928360157,0.25,16,7.9477192385325495,1.9869298096331374,0.0,1.9869298096331374,191.72419422544053,7033.632648413463,32.63390540007499,1197.2140678150577
2016,98,33.33,20.45,43.46,3.16,5.69,33.08,0.84,0.672,26.89,3.7641121415215757,1.6358831367052769,0.20798706927276575,100.04157013765955,0.06652764414154361,4.3813,-0.8868075568264882,5.268107556826489,36.280154717585,0.25,17,5.172873976914319,1.2932184942285798,0.672,0.6212184942285798,191.72419422544053,7033.632648413463,32.63390540007499,1197.2140678150577
2016,99,30.35,17.91,53.08,2.8,27.4,29.37,0.17,0.136,24.130000000000003,3.1906654131546754,1.6936052013025016,0.18031629554701842,100.04157013765955,0.06652764414154361,21.098,4.033483256335132,17.064516743664868,36.42065701881774,0.25,17,6.770644023925386,1.6926610059813465,0.136,1.5566610059813466,191.72419422544053,7033.632648413463,32.63390540007499,1197.2140678150577
2016,100,32.91,17.74,37.47,2.46,28.37,28.3,0.0,0.0,25.324999999999996,3.5176488705072817,1.3180630317790785,0.1918896311823356,100.04157013765955,0.06652764414154361,21.844900000000003,4.885993657307817,16.958906342692185,36.558912493523124,0.25,17,7.68555232325588,1.92138808081397,0.0,1.92138808081397,191.72419422544053,7033.632648413463,32.63390540007499,1197.2140678150577
2016,101,27.66,17.04,55.1,2.9,26.47,28.89,0.0,0.0,22.35,2.824194170629442,1.5561309880168226,0.16417150852897852,100.04157013765955,0.06652764414154361,20.381899999999998,3.864366798840266,16.517533201159733,36.694899515791114,0.25,17,6.250097344019755,1.5625243360049388,0.0,1.5625243360049388,191.72419422544053,7033.632648413463,32.63390540007499,1197.2140678150577
2016,102,30.05,16.23,45.56,2.45,28.17,28.35,0.0,0.0,23.14,3.05021017869874,1.389675757415146,0.17117940390637298,100.04157013765955,0.06652764414154361,21.690900000000003,4.528118121457136,17.162781878542866,36.82859850755856,0.25,17,6.8954224911629245,1.7238556227907311,0.0,1.7238556227907311,191.72419422544053,7033.632648413463,32.63390540007499,1197.2140678150577
2016,103,30.26,16.09,45.78,2.84,28.21,28.42,0.0,0.0,23.175,3.067759689675957,1.404420385933653,0.17149562925239878,100.04157013765955,0.06652764414154361,21.721700000000002,4.49380051925374,17.227899480746263,36.9599919156341,0.25,17,7.14750717620887,1.7868767940522174,0.0,1.7868767940522174,191.72419422544053,7033.632648413463,32.63390540007499,1197.2140678150577
2016,104,34.57,16.29,37.33,3.2,28.83,28.04,0.0,0.0,25.43,3.6713306986632364,1.370507749810986,0.1929357641264938,100.04157013765955,0.06652764414154361,22.199099999999998,4.827027186964055,17.372072813035942,37.08906418583691,0.25,17,8.572296202126557,2.1430740505316392,0.0,2.1430740505316392,191.72419422544053,7033.632648413463,32.63390540007499,1197.2140678150577
2016,105,33.88,17.56,38.41,2.21,29.02,27.69,0.0,0.0,25.72,3.64569846081599,1.4003127787994216,0.19585006578233066,100.04157013765955,0.06652764414154361,22.3454,4.814282159322731,17.53111784067727,37.21580173432417,0.25,17,7.668844134265428,1.917211033566357,0.0,1.917211033566357,191.72419422544053,7033.632648413463,32.63390540007499,1197.2140678150577
2016,106,31.14,17.03,50.11,3.34,28.57,28.23,0.0,0.0,24.085,3.2349701701657265,1.6210435522700455,0.17989224314427738,100.04157013765955,0.06652764414154361,21.9989,4.24234090730585,17.75655909269415,37.340192916187725,0.25,17,7.422063855447693,1.8555159638619232,0.0,1.8555159638619232,191.72419422544053,7033.632648413463,32.63390540007499,1197.2140678150577
2016,107,32.54,18.24,45.06,3.36,27.67,28.88,0.0,0.0,25.39,3.4985728633095716,1.576456932207293,0.19253667241080255,100.04157013765955,0.06652764414154361,21.3059,4.153713345342865,17.152186654657136,37.46222799140613,0.25,17,7.888942730400962,1.9722356826002405,0.0,1.9722356826002405,191.72419422544053,7033.632648413463,32.63390540007499,1197.2140678150577
2016,108,31.17,14.98,31.62,2.49,29.53,26.59,0.0,0.0,23.075000000000003,3.119703848074935,0.9864503567612946,0.1705934335157151,100.04157013765955,0.06652764414154361,22.738100000000003,5.417086478664854,17.32101352133515,37.58189908824315,0.25,18,7.769056603920136,1.942264150980034,0.0,1.942264150980034,191.72419422544053,7033.632648413463,32.63390540007499,1197.2140678150577
2016,109,33.78,16.76,29.08,2.35,29.46,26.92,0.0,0.0,25.270000000000003,3.5814506874303347,1.0414858599047414,0.19134356604293934,100.04157013765955,0.06652764414154361,22.6842,5.430636066475699,17.2535639335243,37.6992001641887,0.25,18,8.183082401150836,2.045770600287709,0.0,2.045770600287709,191.72419422544053,7033.632648413463,32.63390540007499,1197.2140678150577
2016,110,34.53,18.32,32.7,2.16,29.72,27.39,0.0,0.0,26.425,3.7920697976080735,1.24000682381784,0.20308976455118502,100.04157013765955,0.06652764414154361,22.8844,5.19270323050078,17.69169676949922,37.814126964543,0.25,18,8.064204152692442,2.0160510381731105,0.0,2.0160510381731105,191.72419422544053,7033.632648413463,32.63390540007499,1197.2140678150577
